"id","sentiment"
1,1
2,3
3,2
4,2
5,3
6,2
7,2
8,2
9,2
10,2
11,2
12,1
13,1
14,3
15,1
16,2
17,3
18,2
19,1
20,2
21,1
22,2
23,2
24,1
25,3
26,3
27,1
28,2
29,1
30,3
31,2
32,3
33,1
34,2
35,2
36,3
37,2
38,2
39,2
40,3
41,2
42,3
43,1
44,3
45,1
46,2
47,2
48,1
49,1
50,3
51,1
52,1
53,2
54,3
55,1
56,2
57,2
58,3
59,1
60,2
61,2
62,2
63,1
64,1
65,2
66,3
67,1
68,3
69,1
70,3
71,2
72,2
73,2
74,1
75,2
76,2
77,2
78,2
79,3
80,2
81,3
82,1
83,1
84,3
85,1
86,2
87,2
88,1
89,2
90,2
91,2
92,1
93,2
94,1
95,1
96,1
97,2
98,1
99,3
100,2
101,2
102,3
103,2
104,1
105,1
106,1
107,3
108,2
109,2
110,2
111,2
112,2
113,2
114,3
115,3
116,2
117,2
118,1
119,3
120,2
121,1
122,3
123,3
124,1
125,2
126,1
127,2
128,3
129,2
130,1
131,2
132,2
133,2
134,3
135,2
136,3
137,1
138,1
139,1
140,2
141,3
142,2
143,2
144,3
145,3
146,1
147,2
148,2
149,2
150,1
151,2
152,2
153,2
154,2
155,3
156,1
157,2
158,3
159,1
160,2
161,2
162,2
163,1
164,2
165,1
166,1
167,1
168,2
169,2
170,1
171,1
172,1
173,2
174,2
175,1
176,2
177,1
178,3
179,3
180,2
181,2
182,2
183,3
184,1
185,1
186,3
187,2
188,2
189,3
190,3
191,2
192,2
193,2
194,1
195,2
196,2
197,3
198,2
199,2
200,2
201,3
202,3
203,3
204,3
205,1
206,3
207,1
208,2
209,2
210,1
211,2
212,2
213,1
214,1
215,2
216,1
217,1
218,1
219,2
220,1
221,2
222,3
223,3
224,2
225,2
226,2
227,3
228,2
229,2
230,1
231,3
232,2
233,3
234,2
235,2
236,3
237,2
238,2
239,3
240,1
241,2
242,2
243,1
244,2
245,3
246,2
247,3
248,2
249,1
250,2
251,1
252,1
253,2
254,2
255,3
256,3
257,1
258,1
259,1
260,2
261,2
262,1
263,2
264,2
265,2
266,1
267,3
268,2
269,2
270,2
271,1
272,2
273,1
274,2
275,1
276,3
277,1
278,1
279,2
280,2
281,1
282,3
283,2
284,3
285,2
286,3
287,3
288,1
289,3
290,2
291,2
292,2
293,1
294,1
295,3
296,3
297,1
298,2
299,1
300,1
301,2
302,1
303,2
304,1
305,1
306,1
307,1
308,3
309,1
310,3
311,1
312,2
313,2
314,2
315,2
316,2
317,2
318,3
319,2
320,3
321,2
322,2
323,2
324,2
325,3
326,3
327,2
328,2
329,3
330,2
331,3
332,1
333,2
334,2
335,2
336,2
337,3
338,1
339,3
340,1
341,1
342,2
343,1
344,2
345,2
346,2
347,1
348,2
349,3
350,1
351,2
352,2
353,1
354,2
355,2
356,1
357,2
358,1
359,3
360,2
361,2
362,3
363,2
364,1
365,1
366,3
367,3
368,2
369,3
370,2
371,3
372,2
373,2
374,2
375,2
376,2
377,3
378,2
379,2
380,2
381,2
382,2
383,3
384,1
385,1
386,2
387,1
388,1
389,2
390,2
391,1
392,2
393,3
394,2
395,2
396,2
397,1
398,3
399,1
400,1
401,2
402,1
403,2
404,2
405,2
406,2
407,1
408,2
409,1
410,2
411,3
412,2
413,2
414,2
415,3
416,2
417,1
418,1
419,3
420,1
421,2
422,3
423,2
424,2
425,2
426,3
427,1
428,2
429,1
430,3
431,3
432,3
433,2
434,1
435,2
436,3
437,1
438,2
439,2
440,1
441,3
442,2
443,1
444,2
445,1
446,1
447,2
448,2
449,1
450,3
451,1
452,3
453,2
454,3
455,1
456,2
457,2
458,1
459,2
460,1
461,2
462,1
463,2
464,2
465,2
466,2
467,2
468,2
469,2
470,2
471,3
472,2
473,1
474,3
475,3
476,3
477,3
478,2
479,1
480,1
481,2
482,1
483,1
484,1
485,3
486,3
487,2
488,2
489,1
490,3
491,2
492,1
493,3
494,1
495,2
496,3
497,2
498,2
499,1
500,3
501,2
502,2
503,2
504,2
505,2
506,3
507,1
508,2
509,3
510,2
511,2
512,2
513,3
514,2
515,2
516,3
517,2
518,2
519,3
520,2
521,2
522,1
523,2
524,1
525,2
526,1
527,3
528,3
529,1
530,1
531,3
532,1
533,3
534,1
535,2
536,3
537,2
538,2
539,3
540,2
541,2
542,2
543,2
544,3
545,2
546,2
547,2
548,2
549,3
550,3
551,2
552,2
553,2
554,2
555,1
556,3
557,2
558,2
559,3
560,2
561,2
562,1
563,3
564,2
565,2
566,1
567,1
568,1
569,2
570,2
571,2
572,3
573,1
574,3
575,3
576,3
577,2
578,1
579,1
580,2
581,2
582,1
583,2
584,2
585,2
586,3
587,2
588,3
589,2
590,2
591,2
592,2
593,1
594,1
595,2
596,3
597,2
598,2
599,1
600,3
601,3
602,1
603,3
604,3
605,2
606,2
607,1
608,1
609,2
610,1
611,2
612,3
613,2
614,1
615,3
616,2
617,2
618,3
619,3
620,1
621,2
622,1
623,1
624,3
625,2
626,2
627,3
628,2
629,2
630,2
631,3
632,3
633,2
634,2
635,1
636,2
637,2
638,3
639,3
640,2
641,2
642,2
643,3
644,2
645,2
646,1
647,3
648,2
649,2
650,2
651,2
652,2
653,3
654,3
655,1
656,1
657,2
658,1
659,3
660,2
661,2
662,3
663,1
664,1
665,2
666,2
667,3
668,1
669,2
670,2
671,2
672,1
673,3
674,2
675,2
676,2
677,1
678,2
679,2
680,1
681,2
682,1
683,2
684,3
685,2
686,3
687,3
688,2
689,1
690,3
691,2
692,2
693,2
694,2
695,3
696,2
697,3
698,2
699,3
700,3
701,3
702,1
703,2
704,2
705,1
706,2
707,1
708,3
709,2
710,1
711,1
712,2
713,2
714,2
715,3
716,2
717,3
718,2
719,2
720,1
721,2
722,2
723,2
724,3
725,2
726,3
727,2
728,2
729,1
730,2
731,2
732,2
733,2
734,2
735,1
736,3
737,2
738,2
739,3
740,2
741,1
742,2
743,2
744,1
745,2
746,1
747,3
748,3
749,2
750,1
751,3
752,2
753,2
754,2
755,3
756,2
757,2
758,2
759,3
760,1
761,2
762,2
763,1
764,2
765,1
766,2
767,2
768,1
769,2
770,2
771,2
772,3
773,2
774,2
775,2
776,2
777,1
778,3
779,2
780,1
781,1
782,3
783,2
784,2
785,2
786,2
787,1
788,2
789,2
790,2
791,1
792,3
793,1
794,2
795,3
796,2
797,2
798,1
799,1
800,1
801,2
802,1
803,3
804,3
805,2
806,1
807,3
808,2
809,2
810,3
811,3
812,1
813,2
814,2
815,3
816,3
817,2
818,1
819,2
820,2
821,2
822,3
823,2
824,2
825,2
826,2
827,1
828,2
829,3
830,3
831,1
832,2
833,3
834,2
835,1
836,1
837,1
838,1
839,3
840,2
841,2
842,1
843,1
844,2
845,2
846,1
847,1
848,2
849,1
850,2
851,3
852,2
853,2
854,2
855,2
856,2
857,3
858,2
859,2
860,1
861,3
862,1
863,3
864,2
865,3
866,3
867,2
868,2
869,2
870,2
871,1
872,1
873,2
874,2
875,2
876,1
877,2
878,2
879,2
880,1
881,2
882,1
883,1
884,1
885,1
886,2
887,1
888,2
889,2
890,2
891,1
892,2
893,1
894,2
895,2
896,1
897,2
898,2
899,3
900,2
901,2
902,2
903,3
904,2
905,2
906,1
907,1
908,2
909,1
910,1
911,1
912,2
913,2
914,2
915,1
916,2
917,2
918,1
919,1
920,2
921,2
922,2
923,2
924,2
925,2
926,3
927,1
928,3
929,2
930,2
931,2
932,1
933,2
934,2
935,2
936,2
937,1
938,2
939,2
940,3
941,2
942,2
943,1
944,3
945,3
946,2
947,1
948,2
949,1
950,1
951,3
952,2
953,3
954,3
955,2
956,2
957,3
958,3
959,3
960,2
961,3
962,1
963,2
964,1
965,1
966,3
967,2
968,1
969,1
970,1
971,3
972,1
973,2
974,3
975,2
976,3
977,3
978,3
979,2
980,3
981,1
982,2
983,3
984,2
985,2
986,2
987,3
988,3
989,2
990,2
991,3
992,1
993,1
994,1
995,2
996,1
997,2
998,2
999,3
1000,2
1001,2
1002,1
1003,2
1004,3
1005,3
1006,2
1007,1
1008,2
1009,2
1010,2
1011,3
1012,3
1013,1
1014,1
1015,1
1016,2
1017,1
1018,2
1019,2
1020,2
1021,2
1022,1
1023,2
1024,3
1025,1
1026,3
1027,2
1028,3
1029,1
1030,3
1031,1
1032,3
1033,1
1034,1
1035,3
1036,2
1037,1
1038,2
1039,1
1040,2
1041,2
1042,3
1043,1
1044,2
1045,2
1046,2
1047,3
1048,2
1049,2
1050,2
1051,3
1052,1
1053,2
1054,2
1055,2
1056,3
1057,2
1058,2
1059,2
1060,3
1061,2
1062,3
1063,3
1064,2
1065,1
1066,2
1067,2
1068,2
1069,2
1070,2
1071,3
1072,3
1073,2
1074,3
1075,3
1076,1
1077,2
1078,2
1079,1
1080,3
1081,2
1082,2
1083,2
1084,2
1085,2
1086,2
1087,2
1088,2
1089,2
1090,1
1091,1
1092,2
1093,2
1094,3
1095,2
1096,3
1097,1
1098,3
1099,2
1100,2
1101,2
1102,3
1103,1
1104,2
1105,2
1106,2
1107,3
1108,2
1109,3
1110,2
1111,2
1112,3
1113,2
1114,3
1115,2
1116,1
1117,3
1118,2
1119,2
1120,2
1121,2
1122,3
1123,2
1124,2
1125,3
1126,3
1127,3
1128,2
1129,2
1130,2
1131,2
1132,2
1133,3
1134,3
1135,1
1136,1
1137,1
1138,2
1139,3
1140,3
1141,2
1142,1
1143,3
1144,2
1145,3
1146,2
1147,2
1148,2
1149,2
1150,3
1151,2
1152,3
1153,2
1154,1
1155,3
1156,1
1157,2
1158,1
1159,1
1160,2
1161,3
1162,2
1163,2
1164,1
1165,3
1166,2
1167,3
1168,2
1169,2
1170,2
1171,1
1172,2
1173,1
1174,1
1175,3
1176,1
1177,3
1178,2
1179,3
1180,2
1181,2
1182,2
1183,1
1184,1
1185,1
1186,3
1187,1
1188,3
1189,2
1190,2
1191,2
1192,2
1193,3
1194,1
1195,3
1196,3
1197,2
1198,3
1199,3
1200,2
1201,2
1202,2
1203,1
1204,2
1205,1
1206,2
1207,1
1208,1
1209,1
1210,2
1211,2
1212,1
1213,2
1214,2
1215,2
1216,2
1217,2
1218,1
1219,2
1220,2
1221,2
1222,2
1223,2
1224,1
1225,1
1226,2
1227,3
1228,2
1229,3
1230,1
1231,2
1232,3
1233,3
1234,2
1235,1
1236,1
1237,2
1238,1
1239,1
1240,1
1241,2
1242,3
1243,3
1244,3
1245,2
1246,2
1247,2
1248,2
1249,2
1250,3
1251,2
1252,1
1253,2
1254,2
1255,2
1256,2
1257,1
1258,3
1259,2
1260,2
1261,3
1262,1
1263,2
1264,2
1265,1
1266,1
1267,1
1268,3
1269,1
1270,2
1271,2
1272,3
1273,1
1274,1
1275,3
1276,3
1277,1
1278,2
1279,1
1280,2
1281,2
1282,2
1283,2
1284,2
1285,3
1286,2
1287,1
1288,2
1289,1
1290,1
1291,2
1292,1
1293,1
1294,2
1295,2
1296,2
1297,2
1298,3
1299,2
1300,3
1301,3
1302,1
1303,1
1304,1
1305,3
1306,2
1307,2
1308,2
1309,1
1310,2
1311,2
1312,1
1313,1
1314,3
1315,2
1316,3
1317,2
1318,1
1319,3
1320,3
1321,1
1322,1
1323,2
1324,2
1325,1
1326,3
1327,2
1328,1
1329,1
1330,2
1331,2
1332,1
1333,3
1334,2
1335,3
1336,2
1337,2
1338,2
1339,1
1340,2
1341,3
1342,2
1343,1
1344,3
1345,1
1346,3
1347,1
1348,3
1349,3
1350,2
1351,2
1352,2
1353,3
1354,3
1355,3
1356,2
1357,2
1358,3
1359,2
1360,3
1361,1
1362,2
1363,3
1364,2
1365,1
1366,1
1367,2
1368,2
1369,2
1370,2
1371,2
1372,3
1373,2
1374,2
1375,2
1376,2
1377,1
1378,2
1379,2
1380,2
1381,3
1382,2
1383,2
1384,2
1385,1
1386,2
1387,3
1388,2
1389,1
1390,2
1391,3
1392,1
1393,2
1394,2
1395,2
1396,3
1397,3
1398,2
1399,3
1400,2
1401,2
1402,3
1403,1
1404,2
1405,1
1406,2
1407,2
1408,2
1409,2
1410,2
1411,2
1412,2
1413,3
1414,1
1415,2
1416,2
1417,2
1418,1
1419,2
1420,1
1421,1
1422,2
1423,3
1424,3
1425,1
1426,2
1427,1
1428,2
1429,1
1430,2
1431,2
1432,2
1433,2
1434,1
1435,2
1436,3
1437,2
1438,3
1439,2
1440,2
1441,2
1442,3
1443,2
1444,1
1445,3
1446,3
1447,2
1448,3
1449,3
1450,3
1451,2
1452,2
1453,1
1454,3
1455,2
1456,3
1457,3
1458,3
1459,2
1460,2
1461,2
1462,2
1463,1
1464,3
1465,3
1466,2
1467,2
1468,2
1469,2
1470,2
1471,2
1472,2
1473,3
1474,3
1475,2
1476,2
1477,2
1478,2
1479,2
1480,1
1481,2
1482,2
1483,3
1484,3
1485,1
1486,1
1487,2
1488,3
1489,1
1490,2
1491,1
1492,2
1493,3
1494,3
1495,1
1496,1
1497,2
1498,3
1499,2
1500,2
1501,1
1502,3
1503,1
1504,2
1505,2
1506,3
1507,3
1508,2
1509,2
1510,1
1511,2
1512,2
1513,1
1514,2
1515,3
1516,2
1517,2
1518,1
1519,3
1520,1
1521,3
1522,1
1523,2
1524,3
1525,2
1526,2
1527,3
1528,1
1529,3
1530,1
1531,3
1532,2
1533,2
1534,3
1535,3
1536,3
1537,1
1538,2
1539,1
1540,3
1541,2
1542,1
1543,1
1544,2
1545,2
1546,2
1547,2
1548,1
1549,2
1550,2
1551,3
1552,2
1553,2
1554,3
1555,1
1556,2
1557,1
1558,1
1559,2
1560,1
1561,3
1562,2
1563,3
1564,3
1565,1
1566,3
1567,2
1568,1
1569,2
1570,2
1571,3
1572,2
1573,1
1574,2
1575,1
1576,2
1577,3
1578,1
1579,1
1580,1
1581,3
1582,2
1583,1
1584,2
1585,1
1586,2
1587,2
1588,2
1589,1
1590,1
1591,2
1592,1
1593,2
1594,2
1595,1
1596,3
1597,1
1598,3
1599,2
1600,2
1601,3
1602,2
1603,1
1604,1
1605,2
1606,3
1607,2
1608,3
1609,3
1610,1
1611,2
1612,1
1613,3
1614,2
1615,2
1616,1
1617,1
1618,2
1619,2
1620,3
1621,1
1622,1
1623,1
1624,2
1625,2
1626,2
1627,1
1628,2
1629,2
1630,1
1631,2
1632,2
1633,1
1634,2
1635,1
1636,2
1637,1
1638,1
1639,1
1640,1
1641,2
1642,3
1643,3
1644,2
1645,3
1646,2
1647,3
1648,2
1649,1
1650,1
1651,1
1652,2
1653,3
1654,2
1655,1
1656,1
1657,1
1658,2
1659,1
1660,3
1661,3
1662,2
1663,1
1664,3
1665,2
1666,2
1667,2
1668,1
1669,3
1670,3
1671,2
1672,2
1673,2
1674,3
1675,2
1676,2
1677,2
1678,2
1679,2
1680,3
1681,1
1682,1
1683,2
1684,3
1685,2
1686,3
1687,2
1688,2
1689,2
1690,3
1691,2
1692,3
1693,1
1694,1
1695,3
1696,1
1697,3
1698,1
1699,2
1700,3
1701,2
1702,1
1703,1
1704,3
1705,2
1706,2
1707,3
1708,2
1709,2
1710,1
1711,3
1712,1
1713,3
1714,2
1715,3
1716,3
1717,3
1718,3
1719,3
1720,2
1721,3
1722,1
1723,2
1724,1
1725,3
1726,2
1727,2
1728,2
1729,2
1730,3
1731,3
1732,1
1733,1
1734,2
1735,2
1736,1
1737,3
1738,2
1739,1
1740,2
1741,2
1742,3
1743,3
1744,1
1745,3
1746,2
1747,1
1748,1
1749,3
1750,2
1751,2
1752,2
1753,1
1754,2
1755,2
1756,2
1757,2
1758,1
1759,3
1760,2
1761,1
1762,1
1763,2
1764,2
1765,3
1766,2
1767,2
1768,1
1769,2
1770,1
1771,1
1772,2
1773,2
1774,1
1775,1
1776,3
1777,3
1778,2
1779,2
1780,2
1781,3
1782,2
1783,2
1784,2
1785,2
1786,1
1787,2
1788,2
1789,2
1790,3
1791,3
1792,2
1793,2
1794,2
1795,2
1796,3
1797,2
1798,2
1799,3
1800,3
1801,2
1802,2
1803,3
1804,1
1805,1
1806,2
1807,3
1808,2
1809,1
1810,2
1811,1
1812,2
1813,2
1814,3
1815,2
1816,2
1817,2
1818,2
1819,2
1820,2
1821,3
1822,2
1823,2
1824,2
1825,2
1826,1
1827,1
1828,2
1829,2
1830,3
1831,1
1832,3
1833,1
1834,2
1835,2
1836,2
1837,1
1838,2
1839,3
1840,1
1841,1
1842,1
1843,3
1844,1
1845,2
1846,3
1847,2
1848,1
1849,3
1850,3
1851,3
1852,2
1853,2
1854,1
1855,1
1856,2
1857,2
1858,2
1859,1
1860,1
1861,2
1862,2
1863,2
1864,3
1865,2
1866,2
1867,2
1868,1
1869,2
1870,2
1871,3
1872,2
1873,2
1874,1
1875,2
1876,2
1877,1
1878,1
1879,2
1880,3
1881,2
1882,2
1883,3
1884,1
1885,3
1886,2
1887,3
1888,2
1889,2
1890,2
1891,1
1892,2
1893,2
1894,2
1895,2
1896,2
1897,1
1898,2
1899,2
1900,1
1901,2
1902,3
1903,3
1904,3
1905,2
1906,3
1907,2
1908,2
1909,1
1910,2
1911,2
1912,1
1913,3
1914,2
1915,1
1916,2
1917,1
1918,1
1919,2
1920,3
1921,2
1922,3
1923,2
1924,2
1925,2
1926,1
1927,1
1928,3
1929,2
1930,1
1931,2
1932,1
1933,2
1934,1
1935,2
1936,3
1937,2
1938,2
1939,1
1940,2
1941,2
1942,2
1943,2
1944,1
1945,3
1946,2
1947,2
1948,3
1949,1
1950,2
1951,1
1952,2
1953,2
1954,1
1955,1
1956,2
1957,3
1958,1
1959,2
1960,3
1961,2
1962,3
1963,2
1964,2
1965,2
1966,1
1967,1
1968,3
1969,2
1970,3
1971,2
1972,1
1973,2
1974,3
1975,1
1976,1
1977,2
1978,3
1979,1
1980,2
1981,2
1982,3
1983,3
1984,1
1985,2
1986,2
1987,1
1988,3
1989,3
1990,3
1991,2
1992,3
1993,3
1994,2
1995,2
1996,2
1997,2
1998,2
1999,1
2000,3
2001,2
2002,1
2003,1
2004,3
2005,2
2006,2
2007,2
2008,1
2009,1
2010,1
2011,1
2012,2
2013,2
2014,1
2015,1
2016,1
2017,2
2018,1
2019,2
2020,2
2021,2
2022,2
2023,2
2024,1
2025,3
2026,1
2027,1
2028,1
2029,2
2030,1
2031,1
2032,2
2033,2
2034,3
2035,2
2036,2
2037,2
2038,2
2039,1
2040,3
2041,2
2042,2
2043,2
2044,2
2045,2
2046,3
2047,3
2048,2
2049,2
2050,3
2051,1
2052,2
2053,2
2054,1
2055,2
2056,2
2057,1
2058,3
2059,3
2060,2
2061,1
2062,1
2063,1
2064,2
2065,2
2066,2
2067,1
2068,1
2069,1
2070,2
2071,2
2072,2
2073,2
2074,1
2075,3
2076,2
2077,2
2078,2
2079,2
2080,1
2081,2
2082,3
2083,2
2084,1
2085,2
2086,2
2087,2
2088,2
2089,2
2090,3
2091,2
2092,1
2093,1
2094,2
2095,1
2096,2
2097,2
2098,2
2099,2
2100,2
2101,2
2102,2
2103,2
2104,2
2105,1
2106,2
2107,2
2108,2
2109,2
2110,1
2111,2
2112,2
2113,1
2114,2
2115,2
2116,3
2117,1
2118,3
2119,3
2120,2
2121,3
2122,2
2123,2
2124,2
2125,2
2126,2
2127,2
2128,3
2129,2
2130,2
2131,3
2132,1
2133,1
2134,3
2135,3
2136,3
2137,1
2138,3
2139,2
2140,1
2141,3
2142,3
2143,2
2144,1
2145,1
2146,3
2147,3
2148,1
2149,1
2150,2
2151,2
2152,1
2153,2
2154,2
2155,2
2156,3
2157,1
2158,2
2159,2
2160,1
2161,1
2162,2
2163,2
2164,3
2165,3
2166,3
2167,2
2168,3
2169,3
2170,1
2171,1
2172,3
2173,3
2174,1
2175,3
2176,1
2177,2
2178,2
2179,3
2180,3
2181,3
2182,2
2183,1
2184,2
2185,1
2186,2
2187,2
2188,1
2189,3
2190,2
2191,2
2192,3
2193,1
2194,2
2195,2
2196,2
2197,2
2198,1
2199,2
2200,3
2201,3
2202,2
2203,1
2204,2
2205,1
2206,2
2207,1
2208,2
2209,3
2210,1
2211,2
2212,2
2213,1
2214,1
2215,1
2216,3
2217,2
2218,2
2219,3
2220,2
2221,2
2222,3
2223,2
2224,3
2225,1
2226,1
2227,3
2228,3
2229,1
2230,2
2231,2
2232,2
2233,2
2234,1
2235,2
2236,1
2237,3
2238,1
2239,2
2240,2
2241,1
2242,2
2243,3
2244,3
2245,3
2246,1
2247,2
2248,3
2249,1
2250,1
2251,2
2252,2
2253,2
2254,2
2255,2
2256,2
2257,2
2258,3
2259,2
2260,1
2261,2
2262,2
2263,1
2264,2
2265,1
2266,3
2267,1
2268,2
2269,2
2270,2
2271,2
2272,3
2273,2
2274,2
2275,3
2276,3
2277,1
2278,3
2279,2
2280,2
2281,2
2282,2
2283,3
2284,3
2285,2
2286,1
2287,3
2288,3
2289,3
2290,2
2291,2
2292,2
2293,1
2294,2
2295,2
2296,2
2297,1
2298,2
2299,3
2300,2
2301,1
2302,2
2303,2
2304,1
2305,2
2306,2
2307,2
2308,3
2309,1
2310,2
2311,2
2312,2
2313,3
2314,2
2315,2
2316,2
2317,2
2318,1
2319,2
2320,2
2321,2
2322,3
2323,3
2324,2
2325,2
2326,1
2327,2
2328,2
2329,2
2330,2
2331,2
2332,3
2333,3
2334,1
2335,2
2336,2
2337,2
2338,3
2339,2
2340,2
2341,2
2342,1
2343,2
2344,2
2345,1
2346,1
2347,1
2348,3
2349,2
2350,2
2351,1
2352,2
2353,1
2354,2
2355,1
2356,1
2357,3
2358,3
2359,2
2360,1
2361,2
2362,2
2363,2
2364,2
2365,1
2366,3
2367,1
2368,1
2369,1
2370,1
2371,2
2372,2
2373,1
2374,2
2375,2
2376,2
2377,3
2378,2
2379,2
2380,2
2381,3
2382,2
2383,2
2384,2
2385,2
2386,3
2387,2
2388,3
2389,1
2390,1
2391,3
2392,3
2393,2
2394,2
2395,2
2396,2
2397,1
2398,3
2399,2
2400,2
2401,1
2402,2
2403,3
2404,1
2405,3
2406,1
2407,1
2408,2
2409,2
2410,2
2411,3
2412,2
2413,3
2414,2
2415,1
2416,2
2417,2
2418,3
2419,3
2420,1
2421,2
2422,3
2423,2
2424,3
2425,3
2426,3
2427,2
2428,1
2429,1
2430,1
2431,1
2432,1
2433,2
2434,1
2435,3
2436,2
2437,2
2438,2
2439,3
2440,2
2441,2
2442,3
2443,1
2444,2
2445,3
2446,3
2447,2
2448,2
2449,2
2450,1
2451,2
2452,1
2453,2
2454,2
2455,2
2456,2
2457,1
2458,2
2459,2
2460,2
2461,2
2462,1
2463,1
2464,2
2465,1
2466,2
2467,3
2468,1
2469,2
2470,3
2471,1
2472,2
2473,2
2474,2
2475,2
2476,3
2477,2
2478,2
2479,1
2480,3
2481,3
2482,2
2483,2
2484,2
2485,2
2486,3
2487,3
2488,1
2489,2
2490,2
2491,3
2492,3
2493,2
2494,1
2495,3
2496,3
2497,2
2498,3
2499,2
2500,1
2501,1
2502,2
2503,3
2504,2
2505,3
2506,2
2507,1
2508,3
2509,2
2510,1
2511,2
2512,2
2513,2
2514,2
2515,1
2516,2
2517,3
2518,2
2519,2
2520,1
2521,2
2522,1
2523,2
2524,2
2525,1
2526,2
2527,2
2528,1
2529,1
2530,2
2531,3
2532,2
2533,3
2534,2
2535,1
2536,2
2537,1
2538,2
2539,3
2540,2
2541,2
2542,2
2543,3
2544,1
2545,2
2546,2
2547,3
2548,1
2549,1
2550,2
2551,3
2552,1
2553,1
2554,3
2555,2
2556,3
2557,3
2558,1
2559,1
2560,1
2561,1
2562,3
2563,3
2564,2
2565,3
2566,1
2567,2
2568,2
2569,2
2570,3
2571,1
2572,2
2573,1
2574,2
2575,2
2576,3
2577,2
2578,2
2579,3
2580,1
2581,1
2582,1
2583,2
2584,2
2585,1
2586,1
2587,2
2588,1
2589,3
2590,2
2591,1
2592,1
2593,2
2594,1
2595,2
2596,3
2597,1
2598,2
2599,1
2600,1
2601,2
2602,1
2603,2
2604,2
2605,2
2606,2
2607,1
2608,1
2609,2
2610,2
2611,3
2612,1
2613,1
2614,2
2615,2
2616,1
2617,2
2618,2
2619,1
2620,2
2621,2
2622,2
2623,1
2624,2
2625,2
2626,3
2627,1
2628,1
2629,3
2630,1
2631,3
2632,2
2633,2
2634,2
2635,2
2636,2
2637,2
2638,2
2639,3
2640,2
2641,2
2642,2
2643,2
2644,3
2645,3
2646,2
2647,3
2648,1
2649,1
2650,1
2651,1
2652,2
2653,3
2654,2
2655,3
2656,2
2657,3
2658,1
2659,2
2660,1
2661,2
2662,2
2663,3
2664,1
2665,3
2666,2
2667,2
2668,2
2669,2
2670,3
2671,3
2672,2
2673,2
2674,3
2675,2
2676,2
2677,2
2678,1
2679,3
2680,1
2681,2
2682,2
2683,2
2684,1
2685,2
2686,2
2687,1
2688,3
2689,3
2690,1
2691,1
2692,3
2693,2
2694,1
2695,3
2696,3
2697,2
2698,2
2699,2
2700,2
2701,1
2702,2
2703,1
2704,1
2705,2
2706,1
2707,2
2708,2
2709,1
2710,1
2711,3
2712,1
2713,2
2714,3
2715,1
2716,2
2717,2
2718,2
2719,2
2720,2
2721,2
2722,2
2723,2
2724,2
2725,1
2726,3
2727,2
2728,1
2729,3
2730,1
2731,3
2732,1
2733,3
2734,3
2735,1
2736,1
2737,2
2738,2
2739,1
2740,1
2741,2
2742,1
2743,2
2744,2
2745,3
2746,2
2747,3
2748,1
2749,3
2750,2
2751,3
2752,1
2753,2
2754,2
2755,3
2756,1
2757,3
2758,1
2759,2
2760,3
2761,3
2762,2
2763,3
2764,3
2765,1
2766,2
2767,2
2768,1
2769,2
2770,2
2771,3
2772,2
2773,1
2774,2
2775,1
2776,3
2777,2
2778,2
2779,3
2780,3
2781,1
2782,2
2783,3
2784,1
2785,2
2786,2
2787,2
2788,2
2789,3
2790,2
2791,2
2792,3
2793,2
2794,2
2795,3
2796,1
2797,3
2798,3
2799,2
2800,3
2801,2
2802,3
2803,2
2804,3
2805,2
2806,2
2807,2
2808,2
2809,2
2810,2
2811,2
2812,2
2813,2
2814,2
2815,3
2816,2
2817,2
2818,2
2819,3
2820,2
2821,2
2822,1
2823,2
2824,2
2825,1
2826,2
2827,2
2828,1
2829,3
2830,1
2831,1
2832,2
2833,1
2834,3
2835,3
2836,2
2837,1
2838,2
2839,2
2840,2
2841,1
2842,1
2843,1
2844,2
2845,2
2846,2
2847,2
2848,3
2849,3
2850,1
2851,2
2852,1
2853,3
2854,2
2855,3
2856,3
2857,3
2858,3
2859,3
2860,1
2861,1
2862,3
2863,1
2864,1
2865,2
2866,3
2867,1
2868,1
2869,1
2870,1
2871,2
2872,3
2873,3
2874,3
2875,2
2876,3
2877,1
2878,3
2879,2
2880,2
2881,2
2882,1
2883,2
2884,2
2885,3
2886,2
2887,1
2888,3
2889,2
2890,3
2891,2
2892,1
2893,2
2894,3
2895,1
2896,3
2897,3
2898,2
2899,3
2900,1
2901,2
2902,2
2903,2
2904,2
2905,3
2906,3
2907,2
2908,3
2909,2
2910,2
2911,2
2912,3
2913,3
2914,1
2915,2
2916,2
2917,3
2918,3
2919,1
2920,2
2921,1
2922,3
2923,2
2924,2
2925,1
2926,2
2927,3
2928,1
2929,3
2930,1
2931,3
2932,2
2933,2
2934,3
2935,2
2936,2
2937,1
2938,2
2939,1
2940,1
2941,1
2942,2
2943,3
2944,2
2945,2
2946,2
2947,2
2948,1
2949,1
2950,1
2951,3
2952,2
2953,1
2954,1
2955,1
2956,3
2957,2
2958,3
2959,3
2960,3
2961,2
2962,2
2963,3
2964,2
2965,1
2966,2
2967,2
2968,1
2969,2
2970,1
2971,2
2972,2
2973,2
2974,2
2975,1
2976,2
2977,1
2978,2
2979,2
2980,3
2981,2
2982,1
2983,1
2984,1
2985,1
2986,3
2987,2
2988,2
2989,3
2990,2
2991,2
2992,2
2993,3
2994,3
2995,2
2996,3
2997,1
2998,3
2999,1
3000,1
3001,1
3002,3
3003,2
3004,2
3005,2
3006,1
3007,3
3008,2
3009,2
3010,2
3011,3
3012,3
3013,2
3014,1
3015,2
3016,3
3017,1
3018,1
3019,2
3020,1
3021,2
3022,2
3023,3
3024,1
3025,3
3026,1
3027,2
3028,3
3029,3
3030,1
3031,3
3032,2
3033,2
3034,2
3035,3
3036,1
3037,3
3038,2
3039,2
3040,3
3041,2
3042,1
3043,1
3044,2
3045,1
3046,2
3047,2
3048,2
3049,1
3050,3
3051,3
3052,2
3053,2
3054,1
3055,1
3056,1
3057,1
3058,3
3059,2
3060,2
3061,3
3062,1
3063,3
3064,2
3065,2
3066,3
3067,2
3068,3
3069,1
3070,1
3071,3
3072,3
3073,2
3074,2
3075,2
3076,2
3077,3
3078,1
3079,2
3080,1
3081,1
3082,1
3083,3
3084,2
3085,1
3086,1
3087,3
3088,1
3089,2
3090,1
3091,3
3092,2
3093,1
3094,1
3095,3
3096,2
3097,2
3098,2
3099,3
3100,1
3101,2
3102,3
3103,2
3104,1
3105,2
3106,3
3107,2
3108,3
3109,2
3110,1
3111,1
3112,1
3113,2
3114,2
3115,2
3116,3
3117,2
3118,1
3119,2
3120,2
3121,1
3122,3
3123,2
3124,1
3125,2
3126,1
3127,1
3128,3
3129,2
3130,2
3131,2
3132,2
3133,2
3134,3
3135,3
3136,3
3137,2
3138,1
3139,3
3140,2
3141,2
3142,3
3143,3
3144,2
3145,2
3146,2
3147,2
3148,1
3149,1
3150,2
3151,2
3152,2
3153,3
3154,2
3155,2
3156,3
3157,1
3158,3
3159,1
3160,2
3161,1
3162,2
3163,1
3164,1
3165,3
3166,1
3167,1
3168,2
3169,3
3170,3
3171,2
3172,3
3173,3
3174,2
3175,2
3176,2
3177,3
3178,2
3179,3
3180,3
3181,1
3182,2
3183,1
3184,2
3185,1
3186,1
3187,2
3188,2
3189,1
3190,2
3191,1
3192,1
3193,1
3194,3
3195,1
3196,2
3197,2
3198,3
3199,3
3200,3
3201,3
3202,2
3203,3
3204,2
3205,3
3206,2
3207,2
3208,3
3209,3
3210,3
3211,1
3212,2
3213,2
3214,1
3215,3
3216,3
3217,2
3218,1
3219,2
3220,2
3221,1
3222,2
3223,2
3224,2
3225,2
3226,1
3227,2
3228,1
3229,1
3230,2
3231,2
3232,3
3233,1
3234,2
3235,1
3236,2
3237,1
3238,2
3239,1
3240,1
3241,2
3242,1
3243,3
3244,2
3245,1
3246,2
3247,2
3248,2
3249,2
3250,2
3251,3
3252,2
3253,3
3254,2
3255,2
3256,2
3257,3
3258,2
3259,3
3260,2
3261,3
3262,3
3263,1
3264,3
3265,3
3266,1
3267,2
3268,2
3269,2
3270,3
3271,2
3272,3
3273,1
3274,1
3275,2
3276,2
3277,2
3278,2
3279,2
3280,2
3281,2
3282,2
3283,2
3284,1
3285,3
3286,2
3287,2
3288,2
3289,1
3290,2
3291,2
3292,1
3293,3
3294,2
3295,2
3296,2
3297,2
3298,1
3299,3
3300,1
3301,2
3302,3
3303,1
3304,1
3305,2
3306,2
3307,2
3308,2
3309,2
3310,1
3311,2
3312,2
3313,3
3314,2
3315,2
3316,2
3317,2
3318,2
3319,3
3320,2
3321,3
3322,1
3323,2
3324,1
3325,2
3326,2
3327,2
3328,2
3329,1
3330,2
3331,1
3332,3
3333,1
3334,2
3335,2
3336,2
3337,3
3338,2
3339,1
3340,3
3341,2
3342,2
3343,2
3344,1
3345,1
3346,2
3347,3
3348,3
3349,2
3350,3
3351,1
3352,3
3353,2
3354,2
3355,3
3356,3
3357,2
3358,2
3359,1
3360,1
3361,2
3362,2
3363,2
3364,2
3365,1
3366,1
3367,1
3368,3
3369,2
3370,2
3371,2
3372,2
3373,1
3374,2
3375,3
3376,3
3377,2
3378,1
3379,1
3380,1
3381,1
3382,1
3383,2
3384,2
3385,3
3386,3
3387,2
3388,2
3389,2
3390,2
3391,2
3392,2
3393,2
3394,2
3395,3
3396,3
3397,2
3398,1
3399,3
3400,2
3401,3
3402,1
3403,3
3404,2
3405,1
3406,2
3407,3
3408,1
3409,1
3410,3
3411,2
3412,3
3413,3
3414,3
3415,3
3416,2
3417,2
3418,2
3419,2
3420,2
3421,3
3422,1
3423,3
3424,2
3425,1
3426,2
3427,2
3428,2
3429,1
3430,2
3431,2
3432,3
3433,2
3434,2
3435,2
3436,3
3437,3
3438,1
3439,2
3440,3
3441,2
3442,2
3443,3
3444,1
3445,1
3446,2
3447,1
3448,2
3449,3
3450,2
3451,3
3452,2
3453,3
3454,2
3455,1
3456,3
3457,1
3458,2
3459,1
3460,3
3461,3
3462,1
3463,3
3464,3
3465,2
3466,2
3467,2
3468,2
3469,3
3470,2
3471,3
3472,1
3473,3
3474,2
3475,3
3476,3
3477,2
3478,2
3479,1
3480,1
3481,1
3482,1
3483,2
3484,3
3485,2
3486,2
3487,1
3488,2
3489,2
3490,1
3491,1
3492,1
3493,3
3494,2
3495,2
3496,2
3497,1
3498,1
3499,2
3500,2
3501,2
3502,2
3503,2
3504,2
3505,1
3506,3
3507,2
3508,1
3509,3
3510,1
3511,2
3512,1
3513,2
3514,1
3515,2
3516,3
3517,2
3518,3
3519,2
3520,2
3521,3
3522,2
3523,1
3524,1
3525,1
3526,2
3527,3
3528,3
3529,3
3530,3
3531,3
3532,2
3533,1
3534,2
3535,2
3536,3
3537,3
3538,3
3539,2
3540,1
3541,2
3542,2
3543,2
3544,2
3545,2
3546,2
3547,2
3548,3
3549,1
3550,2
3551,1
3552,2
3553,1
3554,1
3555,2
3556,1
3557,2
3558,2
3559,2
3560,2
3561,1
3562,1
3563,1
3564,2
3565,2
3566,2
3567,2
3568,3
3569,2
3570,2
3571,1
3572,1
3573,3
3574,3
3575,2
3576,2
3577,2
3578,1
3579,2
3580,2
3581,3
3582,3
3583,2
3584,2
3585,3
3586,1
3587,3
3588,3
3589,3
3590,1
3591,2
3592,2
3593,2
3594,2
3595,2
3596,2
3597,3
3598,2
3599,2
3600,3
3601,2
3602,3
3603,2
3604,3
3605,2
3606,3
3607,3
3608,2
3609,2
3610,2
3611,2
3612,1
3613,2
3614,2
3615,3
3616,3
3617,3
3618,1
3619,2
3620,2
3621,3
3622,2
3623,1
3624,2
3625,2
3626,3
3627,1
3628,2
3629,1
3630,3
3631,3
3632,2
3633,3
3634,1
3635,2
3636,2
3637,2
3638,1
3639,2
3640,3
3641,2
3642,2
3643,2
3644,1
3645,2
3646,1
3647,1
3648,1
3649,2
3650,2
3651,3
3652,2
3653,2
3654,2
3655,2
3656,2
3657,2
3658,2
3659,3
3660,3
3661,2
3662,3
3663,3
3664,2
3665,3
3666,1
3667,2
3668,1
3669,3
3670,3
3671,2
3672,2
3673,3
3674,3
3675,3
3676,1
3677,2
3678,2
3679,2
3680,1
3681,2
3682,2
3683,3
3684,2
3685,2
3686,1
3687,2
3688,3
3689,2
3690,1
3691,2
3692,1
3693,3
3694,1
3695,3
3696,2
3697,2
3698,3
3699,2
3700,2
3701,2
3702,2
3703,2
3704,1
3705,3
3706,1
3707,2
3708,1
3709,3
3710,2
3711,2
3712,3
3713,3
3714,2
3715,3
3716,2
3717,1
3718,1
3719,1
3720,2
3721,2
3722,1
3723,1
3724,3
3725,1
3726,1
3727,2
3728,2
3729,1
3730,3
3731,2
3732,3
3733,2
3734,2
3735,3
3736,2
3737,3
3738,3
3739,3
3740,3
3741,1
3742,2
3743,2
3744,3
3745,1
3746,3
3747,3
3748,3
3749,2
3750,1
3751,2
3752,3
3753,1
3754,2
3755,2
3756,3
3757,2
3758,1
3759,2
3760,3
3761,3
3762,2
3763,2
3764,2
3765,2
3766,3
3767,2
3768,1
3769,2
3770,3
3771,2
3772,2
3773,2
3774,3
3775,1
3776,2
3777,1
3778,2
3779,1
3780,2
3781,2
3782,3
3783,1
3784,3
3785,2
3786,2
3787,2
3788,2
3789,2
3790,2
3791,2
3792,2
3793,2
3794,2
3795,2
3796,3
3797,2
3798,1
3799,2
3800,3
3801,1
3802,2
3803,2
3804,1
3805,2
3806,2
3807,1
3808,1
3809,2
3810,1
3811,2
3812,2
3813,2
3814,2
3815,1
3816,3
3817,3
3818,1
3819,1
3820,2
3821,2
3822,1
3823,2
3824,2
3825,2
3826,3
3827,1
3828,2
3829,2
3830,1
3831,2
3832,2
3833,1
3834,1
3835,1
3836,3
3837,2
3838,3
3839,3
3840,1
3841,2
3842,3
3843,3
3844,2
3845,2
3846,2
3847,2
3848,2
3849,2
3850,2
3851,2
3852,2
3853,1
3854,2
3855,1
3856,3
3857,2
3858,1
3859,1
3860,2
3861,1
3862,2
3863,3
3864,2
3865,2
3866,1
3867,2
3868,2
3869,3
3870,1
3871,2
3872,1
3873,2
3874,1
3875,2
3876,1
3877,3
3878,2
3879,3
3880,3
3881,3
3882,1
3883,2
3884,2
3885,2
3886,1
3887,2
3888,1
3889,2
3890,3
3891,2
3892,2
3893,2
3894,1
3895,2
3896,1
3897,3
3898,2
3899,2
3900,2
3901,2
3902,2
3903,3
3904,2
3905,2
3906,2
3907,3
3908,1
3909,1
3910,3
3911,3
3912,1
3913,2
3914,2
3915,2
3916,1
3917,2
3918,1
3919,2
3920,2
3921,2
3922,2
3923,1
3924,2
3925,2
3926,1
3927,3
3928,1
3929,3
3930,2
3931,1
3932,2
3933,2
3934,3
3935,3
3936,2
3937,2
3938,2
3939,2
3940,2
3941,2
3942,1
3943,2
3944,2
3945,3
3946,2
3947,2
3948,2
3949,2
3950,1
3951,1
3952,1
3953,2
3954,2
3955,2
3956,1
3957,2
3958,2
3959,1
3960,3
3961,2
3962,2
3963,3
3964,2
3965,2
3966,2
3967,2
3968,2
3969,3
3970,2
3971,2
3972,1
3973,3
3974,2
3975,2
3976,2
3977,2
3978,3
3979,2
3980,2
3981,3
3982,3
3983,3
3984,1
3985,3
3986,3
3987,3
3988,3
3989,3
3990,3
3991,3
3992,3
3993,1
3994,3
3995,1
3996,2
3997,3
3998,1
3999,2
4000,2
4001,2
4002,1
4003,3
4004,2
4005,1
4006,1
4007,2
4008,1
4009,1
4010,2
4011,1
4012,2
4013,1
4014,1
4015,2
4016,2
4017,2
4018,1
4019,3
4020,3
4021,2
4022,2
4023,1
4024,3
4025,1
4026,3
4027,1
4028,2
4029,3
4030,2
4031,2
4032,2
4033,2
4034,2
4035,1
4036,2
4037,1
4038,2
4039,2
4040,2
4041,2
4042,2
4043,2
4044,2
4045,2
4046,3
4047,2
4048,2
4049,2
4050,2
4051,2
4052,1
4053,2
4054,2
4055,2
4056,3
4057,1
4058,1
4059,2
4060,1
4061,3
4062,3
4063,3
4064,2
4065,1
4066,3
4067,2
4068,1
4069,2
4070,3
4071,3
4072,1
4073,2
4074,2
4075,3
4076,2
4077,2
4078,2
4079,2
4080,2
4081,2
4082,2
4083,1
4084,3
4085,3
4086,1
4087,3
4088,2
4089,2
4090,2
4091,2
4092,2
4093,2
4094,1
4095,3
4096,2
4097,2
4098,1
4099,2
4100,2
4101,3
4102,3
4103,2
4104,2
4105,1
4106,3
4107,2
4108,2
4109,1
4110,2
4111,3
4112,1
4113,1
4114,2
4115,1
4116,2
4117,1
4118,2
4119,1
4120,1
4121,2
4122,2
4123,2
4124,1
4125,2
4126,2
4127,2
4128,3
4129,3
4130,2
4131,2
4132,2
4133,2
4134,2
4135,3
4136,2
4137,3
4138,2
4139,2
4140,3
4141,1
4142,3
4143,2
4144,1
4145,1
4146,3
4147,1
4148,2
4149,2
4150,1
4151,1
4152,2
4153,2
4154,2
4155,1
4156,2
4157,2
4158,3
4159,1
4160,1
4161,2
4162,2
4163,3
4164,2
4165,1
4166,3
4167,3
4168,3
4169,2
4170,2
4171,2
4172,2
4173,2
4174,1
4175,2
4176,2
4177,3
4178,2
4179,2
4180,2
4181,1
4182,2
4183,2
4184,3
4185,2
4186,2
4187,1
4188,3
4189,2
4190,1
4191,1
4192,2
4193,2
4194,2
4195,3
4196,1
4197,2
4198,2
4199,2
4200,1
4201,2
4202,1
4203,1
4204,3
4205,2
4206,2
4207,2
4208,3
4209,3
4210,3
4211,3
4212,2
4213,1
4214,3
4215,2
4216,2
4217,2
4218,2
4219,2
4220,3
4221,1
4222,3
4223,3
4224,2
4225,2
4226,2
4227,3
4228,1
4229,2
4230,2
4231,2
4232,3
4233,2
4234,1
4235,3
4236,1
4237,2
4238,2
4239,2
4240,1
4241,2
4242,3
4243,3
4244,2
4245,1
4246,2
4247,3
4248,2
4249,2
4250,2
4251,2
4252,2
4253,2
4254,2
4255,3
4256,3
4257,2
4258,2
4259,2
4260,3
4261,2
4262,1
4263,1
4264,3
4265,2
4266,1
4267,1
4268,1
4269,2
4270,2
4271,2
4272,2
4273,2
4274,2
4275,2
4276,3
4277,1
4278,2
4279,2
4280,2
4281,1
4282,3
4283,2
4284,1
4285,1
4286,3
4287,3
4288,1
4289,3
4290,1
4291,2
4292,2
4293,1
4294,3
4295,2
4296,3
4297,2
4298,2
4299,3
4300,2
4301,2
4302,1
4303,2
4304,2
4305,3
4306,2
4307,2
4308,1
4309,2
4310,2
4311,2
4312,2
4313,2
4314,2
4315,3
4316,1
4317,3
4318,3
4319,2
4320,2
4321,1
4322,2
4323,1
4324,2
4325,1
4326,1
4327,1
4328,2
4329,1
4330,1
4331,2
4332,3
4333,2
4334,1
4335,1
4336,2
4337,1
4338,1
4339,2
4340,2
4341,2
4342,1
4343,3
4344,1
4345,1
4346,1
4347,2
4348,1
4349,3
4350,1
4351,3
4352,3
4353,3
4354,2
4355,3
4356,2
4357,2
4358,2
4359,3
4360,2
4361,3
4362,1
4363,2
4364,1
4365,1
4366,1
4367,2
4368,3
4369,2
4370,2
4371,3
4372,3
4373,1
4374,2
4375,3
4376,1
4377,3
4378,2
4379,2
4380,2
4381,2
4382,2
4383,1
4384,2
4385,2
4386,3
4387,3
4388,1
4389,2
4390,3
4391,2
4392,2
4393,3
4394,1
4395,3
4396,3
4397,2
4398,2
4399,3
4400,2
4401,1
4402,2
4403,1
4404,3
4405,2
4406,3
4407,3
4408,2
4409,1
4410,3
4411,2
4412,2
4413,3
4414,1
4415,2
4416,1
4417,2
4418,2
4419,1
4420,2
4421,1
4422,1
4423,2
4424,2
4425,2
4426,2
4427,3
4428,1
4429,2
4430,2
4431,2
4432,2
4433,2
4434,3
4435,2
4436,3
4437,3
4438,2
4439,1
4440,2
4441,2
4442,2
4443,1
4444,1
4445,2
4446,2
4447,2
4448,2
4449,1
4450,3
4451,1
4452,2
4453,2
4454,1
4455,3
4456,1
4457,1
4458,2
4459,3
4460,1
4461,3
4462,1
4463,3
4464,2
4465,2
4466,1
4467,1
4468,2
4469,2
4470,2
4471,2
4472,2
4473,2
4474,2
4475,2
4476,3
4477,2
4478,3
4479,3
4480,1
4481,2
4482,3
4483,2
4484,2
4485,3
4486,3
4487,2
4488,2
4489,3
4490,1
4491,3
4492,2
4493,2
4494,2
4495,2
4496,2
4497,2
4498,2
4499,3
4500,2
4501,1
4502,2
4503,3
4504,3
4505,3
4506,3
4507,3
4508,2
4509,1
4510,1
4511,3
4512,1
4513,1
4514,1
4515,2
4516,3
4517,1
4518,3
4519,3
4520,1
4521,1
4522,3
4523,1
4524,1
4525,2
4526,2
4527,1
4528,1
4529,2
4530,2
4531,1
4532,1
4533,3
4534,3
4535,2
4536,2
4537,3
4538,1
4539,2
4540,3
4541,2
4542,3
4543,1
4544,2
4545,3
4546,2
4547,2
4548,2
4549,1
4550,2
4551,1
4552,2
4553,2
4554,2
4555,2
4556,2
4557,2
4558,2
4559,3
4560,2
4561,2
4562,1
4563,2
4564,3
4565,2
4566,3
4567,2
4568,3
4569,2
4570,3
4571,3
4572,1
4573,1
4574,2
4575,1
4576,2
4577,2
4578,2
4579,2
4580,3
4581,3
4582,2
4583,2
4584,2
4585,3
4586,2
4587,3
4588,3
4589,1
4590,2
4591,2
4592,3
4593,1
4594,1
4595,1
4596,2
4597,2
4598,2
4599,3
4600,2
4601,3
4602,3
4603,2
4604,3
4605,2
4606,2
4607,2
4608,2
4609,3
4610,2
4611,3
4612,1
4613,2
4614,2
4615,2
4616,2
4617,2
4618,3
4619,2
4620,2
4621,2
4622,3
4623,2
4624,3
4625,2
4626,2
4627,2
4628,2
4629,1
4630,2
4631,2
4632,2
4633,2
4634,3
4635,2
4636,3
4637,1
4638,1
4639,1
4640,2
4641,2
4642,1
4643,3
4644,1
4645,2
4646,3
4647,2
4648,3
4649,2
4650,2
4651,1
4652,2
4653,2
4654,1
4655,2
4656,2
4657,1
4658,2
4659,2
4660,3
4661,2
4662,2
4663,3
4664,2
4665,2
4666,3
4667,3
4668,1
4669,2
4670,1
4671,2
4672,1
4673,2
4674,1
4675,2
4676,2
4677,2
4678,2
4679,2
4680,2
4681,3
4682,2
4683,3
4684,1
4685,2
4686,1
4687,3
4688,3
4689,1
4690,1
4691,2
4692,1
4693,2
4694,3
4695,2
4696,1
4697,2
4698,1
4699,2
4700,2
4701,2
4702,2
4703,2
4704,2
4705,2
4706,2
4707,1
4708,1
4709,3
4710,3
4711,3
4712,1
4713,1
4714,2
4715,2
4716,3
4717,1
4718,3
4719,2
4720,3
4721,2
4722,1
4723,2
4724,2
4725,2
4726,3
4727,3
4728,1
4729,2
4730,1
4731,1
4732,1
4733,1
4734,2
4735,2
4736,2
4737,3
4738,3
4739,2
4740,3
4741,2
4742,2
4743,2
4744,3
4745,2
4746,1
4747,2
4748,3
4749,2
4750,2
4751,3
4752,2
4753,2
4754,3
4755,1
4756,2
4757,2
4758,2
4759,1
4760,2
4761,2
4762,3
4763,2
4764,2
4765,2
4766,2
4767,1
4768,3
4769,1
4770,3
4771,1
4772,3
4773,2
4774,2
4775,2
4776,2
4777,1
4778,2
4779,2
4780,1
4781,1
4782,2
4783,1
4784,2
4785,2
4786,3
4787,2
4788,2
4789,1
4790,2
4791,2
4792,2
4793,3
4794,3
4795,1
4796,2
4797,2
4798,3
4799,2
4800,2
4801,3
4802,2
4803,3
4804,1
4805,3
4806,3
4807,1
4808,3
4809,1
4810,3
4811,2
4812,1
4813,2
4814,3
4815,3
4816,1
4817,3
4818,3
4819,2
4820,1
4821,1
4822,1
4823,1
4824,1
4825,2
4826,1
4827,2
4828,2
4829,1
4830,1
4831,1
4832,2
4833,2
4834,2
4835,2
4836,3
4837,1
4838,2
4839,3
4840,2
4841,1
4842,3
4843,2
4844,3
4845,2
4846,2
4847,3
4848,3
4849,1
4850,2
4851,2
4852,3
4853,2
4854,2
4855,1
4856,2
4857,2
4858,3
4859,2
4860,2
4861,2
4862,2
4863,1
4864,2
4865,2
4866,1
4867,2
4868,2
4869,3
4870,2
4871,2
4872,2
4873,2
4874,2
4875,2
4876,1
4877,1
4878,3
4879,2
4880,1
4881,2
4882,1
4883,1
4884,2
4885,3
4886,2
4887,3
4888,1
4889,2
4890,2
4891,3
4892,1
4893,1
4894,2
4895,3
4896,3
4897,2
4898,2
4899,2
4900,2
4901,2
4902,3
4903,2
4904,2
4905,3
4906,3
4907,1
4908,2
4909,3
4910,3
4911,3
4912,2
4913,3
4914,3
4915,2
4916,2
4917,2
4918,2
4919,3
4920,2
4921,3
4922,2
4923,3
4924,2
4925,2
4926,2
4927,1
4928,3
4929,2
4930,1
4931,2
4932,2
4933,2
4934,1
4935,1
4936,3
4937,2
4938,3
4939,2
4940,3
4941,2
4942,1
4943,2
4944,2
4945,2
4946,2
4947,2
4948,3
4949,2
4950,1
4951,2
4952,3
4953,1
4954,2
4955,1
4956,1
4957,3
4958,3
4959,2
4960,1
4961,1
4962,2
4963,3
4964,1
4965,2
4966,3
4967,2
4968,3
4969,2
4970,2
4971,1
4972,2
4973,1
4974,1
4975,2
4976,2
4977,2
4978,2
4979,3
4980,3
4981,1
4982,2
4983,2
4984,1
4985,1
4986,3
4987,1
4988,3
4989,2
4990,2
4991,1
4992,2
4993,2
4994,2
4995,2
4996,2
4997,3
4998,1
4999,2
5000,1
5001,2
5002,2
5003,1
5004,2
5005,2
5006,3
5007,2
5008,3
5009,3
5010,3
5011,2
5012,3
5013,3
5014,2
5015,1
5016,2
5017,1
5018,3
5019,3
5020,2
5021,1
5022,2
5023,1
5024,3
5025,1
5026,2
5027,1
5028,1
5029,2
5030,2
5031,2
5032,2
5033,2
5034,2
5035,2
5036,3
5037,2
5038,2
5039,2
5040,3
5041,3
5042,3
5043,3
5044,2
5045,1
5046,3
5047,2
5048,1
5049,1
5050,2
5051,2
5052,3
5053,2
5054,3
5055,2
5056,2
5057,1
5058,1
5059,2
5060,2
5061,1
5062,3
5063,2
5064,2
5065,2
5066,2
5067,1
5068,2
5069,2
5070,3
5071,2
5072,3
5073,3
5074,3
5075,2
5076,1
5077,1
5078,3
5079,2
5080,1
5081,2
5082,2
5083,1
5084,1
5085,2
5086,2
5087,2
5088,2
5089,2
5090,1
5091,1
5092,1
5093,1
5094,2
5095,2
5096,3
5097,1
5098,2
5099,1
5100,1
5101,2
5102,1
5103,3
5104,1
5105,3
5106,3
5107,3
5108,2
5109,2
5110,2
5111,2
5112,2
5113,2
5114,3
5115,1
5116,3
5117,2
5118,1
5119,2
5120,1
5121,1
5122,3
5123,3
5124,2
5125,2
5126,3
5127,1
5128,2
5129,2
5130,3
5131,1
5132,3
5133,1
5134,1
5135,3
5136,2
5137,2
5138,1
5139,2
5140,2
5141,2
5142,2
5143,1
5144,3
5145,2
5146,3
5147,2
5148,1
5149,2
5150,1
5151,2
5152,1
5153,1
5154,1
5155,2
5156,3
5157,2
5158,2
5159,2
5160,2
5161,3
5162,2
5163,1
5164,1
5165,1
5166,2
5167,2
5168,2
5169,2
5170,2
5171,2
5172,2
5173,1
5174,3
5175,1
5176,2
5177,3
5178,3
5179,2
5180,2
5181,3
5182,3
5183,1
5184,3
5185,1
5186,3
5187,2
5188,2
5189,3
5190,3
5191,3
5192,1
5193,2
5194,3
5195,2
5196,2
5197,2
5198,2
5199,2
5200,2
5201,2
5202,2
5203,2
5204,1
5205,2
5206,3
5207,3
5208,2
5209,2
5210,1
5211,3
5212,2
5213,2
5214,3
5215,3
5216,1
5217,3
5218,1
5219,2
5220,1
5221,3
5222,2
5223,3
5224,2
5225,2
5226,2
5227,2
5228,3
5229,2
5230,2
5231,3
5232,3
5233,1
5234,2
5235,3
5236,2
5237,1
5238,3
5239,2
5240,1
5241,3
5242,2
5243,2
5244,3
5245,1
5246,3
5247,2
5248,3
5249,2
5250,2
5251,3
5252,2
5253,1
5254,2
5255,2
5256,3
5257,3
5258,1
5259,3
5260,1
5261,2
5262,1
5263,2
5264,2
5265,2
5266,3
5267,2
5268,1
5269,1
5270,3
5271,1
5272,3
5273,2
5274,1
5275,3
5276,2
5277,3
5278,2
5279,2
5280,2
5281,1
5282,2
5283,1
5284,2
5285,2
5286,1
5287,1
5288,2
5289,2
5290,1
5291,2
5292,2
5293,3
5294,1
5295,2
5296,3
5297,2
5298,3
5299,2
5300,3
5301,3
5302,1
5303,2
5304,3
5305,2
5306,2
5307,2
5308,1
5309,3
5310,1
5311,1
5312,2
5313,2
5314,2
5315,3
5316,3
5317,2
5318,1
5319,2
5320,1
5321,2
5322,2
5323,3
5324,2
5325,2
5326,2
5327,2
5328,2
5329,1
5330,1
5331,2
5332,2
5333,1
5334,1
5335,2
5336,3
5337,3
5338,2
5339,2
5340,2
5341,1
5342,2
5343,2
5344,1
5345,3
5346,2
5347,1
5348,2
5349,2
5350,3
5351,1
5352,3
5353,1
5354,1
5355,1
5356,1
5357,2
5358,1
5359,2
5360,2
5361,2
5362,1
5363,3
5364,3
5365,3
5366,3
5367,1
5368,1
5369,2
5370,3
5371,1
5372,3
5373,3
5374,3
5375,2
5376,2
5377,1
5378,3
5379,3
5380,2
5381,3
5382,2
5383,3
5384,2
5385,2
5386,1
5387,2
5388,1
5389,1
5390,2
5391,2
5392,2
5393,1
5394,1
5395,3
5396,2
5397,3
5398,3
5399,2
5400,3
5401,2
5402,2
5403,2
5404,3
5405,2
5406,2
5407,2
5408,1
5409,2
5410,3
5411,2
5412,3
5413,1
5414,2
5415,2
5416,2
5417,2
5418,2
5419,2
5420,2
5421,1
5422,2
5423,2
5424,2
5425,3
5426,3
5427,1
5428,3
5429,3
5430,2
5431,3
5432,2
5433,2
5434,3
5435,1
5436,1
5437,2
5438,2
5439,2
5440,2
5441,1
5442,2
5443,3
5444,1
5445,3
5446,2
5447,2
5448,1
5449,2
5450,3
5451,2
5452,2
5453,2
5454,2
5455,2
5456,3
5457,2
5458,1
5459,2
5460,3
5461,1
5462,1
5463,1
5464,2
5465,1
5466,2
5467,1
5468,2
5469,1
5470,2
5471,3
5472,1
5473,2
5474,3
5475,2
5476,2
5477,2
5478,2
5479,2
5480,2
5481,2
5482,2
5483,2
5484,1
5485,2
5486,2
5487,1
5488,3
5489,3
5490,2
5491,2
5492,3
5493,2
5494,3
5495,1
5496,2
5497,2
5498,3
5499,3
5500,2
5501,3
5502,2
5503,1
5504,1
5505,2
5506,2
5507,1
5508,2
5509,2
5510,2
5511,2
5512,3
5513,1
5514,1
5515,1
5516,2
5517,3
5518,2
5519,1
5520,2
5521,1
5522,2
5523,2
5524,2
5525,2
5526,2
5527,3
5528,1
5529,1
5530,2
5531,2
5532,2
5533,3
5534,2
5535,3
5536,2
5537,2
5538,1
5539,3
5540,2
5541,1
5542,3
5543,2
5544,3
5545,2
5546,2
5547,3
5548,2
5549,3
5550,3
5551,2
5552,2
5553,2
5554,2
5555,2
5556,1
5557,1
5558,2
5559,1
5560,3
5561,1
5562,1
5563,2
5564,2
5565,1
5566,3
5567,2
5568,3
5569,2
5570,3
5571,2
5572,2
5573,2
5574,2
5575,2
5576,3
5577,1
5578,1
5579,3
5580,3
5581,1
5582,2
5583,2
5584,1
5585,2
5586,2
5587,2
5588,2
5589,3
5590,2
5591,2
5592,2
5593,1
5594,1
5595,1
5596,2
5597,1
5598,2
5599,2
5600,3
5601,3
5602,2
5603,2
5604,2
5605,2
5606,2
5607,1
5608,2
5609,2
5610,2
5611,2
5612,3
5613,1
5614,2
5615,2
5616,1
5617,1
5618,2
5619,1
5620,2
5621,2
5622,3
5623,3
5624,2
5625,3
5626,2
5627,2
5628,3
5629,1
5630,3
5631,1
5632,2
5633,3
5634,2
5635,2
5636,2
5637,1
5638,2
5639,2
5640,2
5641,1
5642,3
5643,2
5644,2
5645,2
5646,3
5647,3
5648,2
5649,2
5650,2
5651,3
5652,1
5653,3
5654,3
5655,2
5656,2
5657,1
5658,2
5659,2
5660,3
5661,1
5662,2
5663,2
5664,2
5665,2
5666,2
5667,3
5668,2
5669,3
5670,2
5671,3
5672,2
5673,3
5674,3
5675,2
5676,1
5677,2
5678,1
5679,2
5680,3
5681,2
5682,2
5683,1
5684,2
5685,2
5686,2
5687,2
5688,3
5689,1
5690,1
5691,2
5692,2
5693,2
5694,1
5695,3
5696,2
5697,2
5698,1
5699,2
5700,3
5701,2
5702,1
5703,1
5704,1
5705,2
5706,1
5707,3
5708,2
5709,3
5710,1
5711,3
5712,1
5713,1
5714,2
5715,3
5716,2
5717,1
5718,1
5719,1
5720,2
5721,1
5722,2
5723,2
5724,2
5725,2
5726,3
5727,1
5728,1
5729,2
5730,1
5731,3
5732,1
5733,2
5734,1
5735,2
5736,1
5737,1
5738,2
5739,2
5740,2
5741,1
5742,1
5743,2
5744,3
5745,1
5746,2
5747,3
5748,1
5749,1
5750,2
5751,2
5752,2
5753,2
5754,2
5755,2
5756,1
5757,3
5758,2
5759,2
5760,3
5761,2
5762,3
5763,2
5764,1
5765,1
5766,2
5767,2
5768,1
5769,2
5770,2
5771,2
5772,3
5773,1
5774,1
5775,2
5776,2
5777,2
5778,1
5779,1
5780,1
5781,1
5782,3
5783,2
5784,2
5785,3
5786,2
5787,2
5788,3
5789,3
5790,1
5791,1
5792,2
5793,2
5794,2
5795,3
5796,1
5797,2
5798,2
5799,2
5800,2
5801,3
5802,2
5803,2
5804,2
5805,3
5806,2
5807,2
5808,1
5809,2
5810,3
5811,2
5812,1
5813,2
5814,2
5815,2
5816,2
5817,3
5818,2
5819,2
5820,1
5821,2
5822,1
5823,2
5824,2
5825,3
5826,2
5827,2
5828,2
5829,2
5830,2
5831,2
5832,2
5833,2
5834,2
5835,1
5836,3
5837,3
5838,1
5839,2
5840,1
5841,3
5842,1
5843,2
5844,3
5845,1
5846,2
5847,2
5848,2
5849,2
5850,2
5851,1
5852,1
5853,2
5854,2
5855,1
5856,1
5857,1
5858,2
5859,3
5860,2
5861,2
5862,2
5863,2
5864,1
5865,3
5866,2
5867,2
5868,2
5869,2
5870,1
5871,2
5872,2
5873,2
5874,3
5875,1
5876,2
5877,1
5878,3
5879,1
5880,2
5881,2
5882,2
5883,1
5884,1
5885,1
5886,3
5887,3
5888,2
5889,2
5890,1
5891,2
5892,3
5893,2
5894,1
5895,2
5896,2
5897,2
5898,2
5899,2
5900,2
5901,2
5902,3
5903,3
5904,2
5905,3
5906,2
5907,2
5908,1
5909,2
5910,1
5911,2
5912,3
5913,1
5914,3
5915,2
5916,2
5917,2
5918,3
5919,2
5920,2
5921,3
5922,1
5923,2
5924,2
5925,2
5926,3
5927,3
5928,2
5929,1
5930,2
5931,1
5932,2
5933,2
5934,1
5935,2
5936,3
5937,1
5938,1
5939,2
5940,3
5941,2
5942,2
5943,2
5944,1
5945,1
5946,1
5947,3
5948,2
5949,2
5950,2
5951,3
5952,2
5953,2
5954,2
5955,3
5956,2
5957,2
5958,2
5959,2
5960,1
5961,1
5962,3
5963,2
5964,2
5965,2
5966,3
5967,2
5968,3
5969,1
5970,1
5971,2
5972,1
5973,1
5974,1
5975,1
5976,3
5977,3
5978,1
5979,1
5980,1
5981,2
5982,2
5983,2
5984,1
5985,1
5986,1
5987,3
5988,3
5989,1
5990,1
5991,2
5992,1
5993,1
5994,2
5995,2
5996,3
5997,2
5998,2
5999,1
6000,1
6001,3
6002,2
6003,1
6004,3
6005,2
6006,2
6007,2
6008,2
6009,2
6010,2
6011,3
6012,3
6013,3
6014,1
6015,1
6016,2
6017,1
6018,2
6019,3
6020,3
6021,1
6022,2
6023,2
6024,3
6025,2
6026,1
6027,3
6028,1
6029,2
6030,2
6031,2
6032,2
6033,2
6034,3
6035,1
6036,1
6037,1
6038,1
6039,2
6040,1
6041,3
6042,2
6043,3
6044,3
6045,2
6046,2
6047,2
6048,2
6049,2
6050,2
6051,3
6052,1
6053,1
6054,1
6055,1
6056,1
6057,2
6058,2
6059,2
6060,2
6061,3
6062,2
6063,2
6064,3
6065,1
6066,1
6067,1
6068,1
6069,2
6070,1
6071,1
6072,2
6073,2
6074,1
6075,2
6076,2
6077,3
6078,2
6079,2
6080,2
6081,2
6082,2
6083,2
6084,2
6085,3
6086,1
6087,3
6088,2
6089,2
6090,2
6091,2
6092,3
6093,2
6094,3
6095,2
6096,1
6097,1
6098,2
6099,1
6100,2
6101,2
6102,2
6103,1
6104,3
6105,2
6106,2
6107,2
6108,2
6109,2
6110,2
6111,2
6112,3
6113,2
6114,2
6115,1
6116,2
6117,2
6118,1
6119,2
6120,2
6121,3
6122,2
6123,2
6124,2
6125,1
6126,2
6127,2
6128,1
6129,2
6130,1
6131,1
6132,1
6133,3
6134,1
6135,2
6136,1
6137,1
6138,1
6139,1
6140,2
6141,1
6142,2
6143,2
6144,2
6145,3
6146,2
6147,2
6148,1
6149,2
6150,3
6151,3
6152,2
6153,2
6154,2
6155,2
6156,2
6157,2
6158,1
6159,3
6160,1
6161,3
6162,2
6163,1
6164,1
6165,1
6166,1
6167,2
6168,3
6169,2
6170,3
6171,3
6172,2
6173,1
6174,2
6175,1
6176,2
6177,2
6178,2
6179,1
6180,1
6181,1
6182,1
6183,2
6184,3
6185,2
6186,2
6187,2
6188,2
6189,2
6190,3
6191,1
6192,3
6193,2
6194,1
6195,2
6196,3
6197,2
6198,3
6199,3
6200,1
6201,2
6202,3
6203,1
6204,1
6205,2
6206,2
6207,3
6208,3
6209,2
6210,1
6211,3
6212,2
6213,2
6214,3
6215,3
6216,2
6217,3
6218,2
6219,2
6220,1
6221,3
6222,3
6223,2
6224,2
6225,1
6226,1
6227,2
6228,2
6229,1
6230,2
6231,1
6232,1
6233,2
6234,2
6235,3
6236,1
6237,2
6238,2
6239,2
6240,3
6241,2
6242,3
6243,1
6244,3
6245,2
6246,3
6247,2
6248,2
6249,3
6250,1
6251,2
6252,1
6253,2
6254,1
6255,1
6256,1
6257,2
6258,1
6259,2
6260,1
6261,2
6262,3
6263,2
6264,1
6265,2
6266,2
6267,2
6268,2
6269,2
6270,2
6271,1
6272,2
6273,2
6274,2
6275,2
6276,1
6277,3
6278,3
6279,2
6280,2
6281,2
6282,2
6283,3
6284,3
6285,1
6286,1
6287,3
6288,1
6289,1
6290,2
6291,3
6292,2
6293,1
6294,2
6295,1
6296,2
6297,2
6298,1
6299,2
6300,1
6301,2
6302,1
6303,3
6304,3
6305,1
6306,1
6307,3
6308,1
6309,1
6310,1
6311,2
6312,3
6313,3
6314,2
6315,2
6316,3
6317,1
6318,1
6319,2
6320,2
6321,2
6322,1
6323,2
6324,2
6325,2
6326,3
6327,2
6328,2
6329,3
6330,1
6331,3
6332,2
6333,2
6334,3
6335,3
6336,3
6337,3
6338,2
6339,2
6340,2
6341,2
6342,1
6343,2
6344,2
6345,2
6346,2
6347,1
6348,3
6349,2
6350,2
6351,2
6352,1
6353,1
6354,2
6355,3
6356,2
6357,3
6358,2
6359,3
6360,2
6361,2
6362,1
6363,2
6364,3
6365,1
6366,2
6367,2
6368,1
6369,2
6370,3
6371,2
6372,2
6373,2
6374,2
6375,2
6376,1
6377,3
6378,2
6379,2
6380,2
6381,3
6382,1
6383,3
6384,2
6385,1
6386,1
6387,2
6388,3
6389,2
6390,3
6391,3
6392,2
6393,1
6394,2
6395,1
6396,3
6397,2
6398,2
6399,1
6400,3
6401,2
6402,2
6403,2
6404,1
6405,2
6406,1
6407,2
6408,2
6409,3
6410,3
6411,1
6412,1
6413,2
6414,1
6415,2
6416,2
6417,2
6418,1
6419,2
6420,1
6421,1
6422,3
6423,2
6424,2
6425,1
6426,2
6427,2
6428,2
6429,2
6430,2
6431,1
6432,2
6433,2
6434,1
6435,3
6436,2
6437,2
6438,2
6439,2
6440,2
6441,3
6442,1
6443,2
6444,2
6445,2
6446,2
6447,3
6448,2
6449,3
6450,2
6451,1
6452,2
6453,3
6454,2
6455,2
6456,2
6457,2
6458,2
6459,2
6460,2
6461,2
6462,1
6463,3
6464,3
6465,3
6466,2
6467,1
6468,2
6469,3
6470,3
6471,3
6472,3
6473,2
6474,2
6475,3
6476,1
6477,1
6478,2
6479,2
6480,1
6481,2
6482,2
6483,2
6484,2
6485,3
6486,1
6487,3
6488,1
6489,3
6490,1
6491,2
6492,1
6493,3
6494,2
6495,2
6496,1
6497,3
6498,2
6499,2
6500,1
6501,2
6502,1
6503,3
6504,2
6505,3
6506,2
6507,2
6508,2
6509,2
6510,2
6511,3
6512,2
6513,3
6514,1
6515,2
6516,3
6517,1
6518,2
6519,2
6520,2
6521,3
6522,2
6523,1
6524,2
6525,2
6526,3
6527,2
6528,2
6529,2
6530,2
6531,1
6532,3
6533,3
6534,2
6535,3
6536,1
6537,1
6538,3
6539,2
6540,2
6541,2
6542,2
6543,2
6544,1
6545,2
6546,2
6547,3
6548,3
6549,2
6550,2
6551,3
6552,1
6553,3
6554,2
6555,3
6556,1
6557,3
6558,1
6559,1
6560,2
6561,2
6562,2
6563,3
6564,2
6565,2
6566,3
6567,3
6568,2
6569,1
6570,1
6571,2
6572,1
6573,2
6574,2
6575,1
6576,2
6577,3
6578,2
6579,3
6580,2
6581,2
6582,3
6583,1
6584,2
6585,2
6586,2
6587,2
6588,3
6589,1
6590,2
6591,2
6592,1
6593,1
6594,2
6595,2
6596,2
6597,3
6598,2
6599,3
6600,2
6601,2
6602,1
6603,1
6604,1
6605,2
6606,3
6607,3
6608,1
6609,2
6610,1
6611,2
6612,3
6613,3
6614,3
6615,3
6616,2
6617,2
6618,3
6619,2
6620,2
6621,1
6622,1
6623,1
6624,2
6625,1
6626,2
6627,1
6628,2
6629,2
6630,2
6631,2
6632,2
6633,2
6634,3
6635,3
6636,2
6637,3
6638,2
6639,2
6640,2
6641,1
6642,2
6643,2
6644,2
6645,3
6646,2
6647,2
6648,1
6649,3
6650,2
6651,2
6652,3
6653,1
6654,2
6655,1
6656,3
6657,2
6658,2
6659,1
6660,2
6661,1
6662,2
6663,3
6664,3
6665,2
6666,2
6667,1
6668,3
6669,1
6670,3
6671,2
6672,3
6673,2
6674,2
6675,1
6676,3
6677,2
6678,1
6679,1
6680,2
6681,2
6682,2
6683,1
6684,1
6685,1
6686,2
6687,3
6688,2
6689,2
6690,2
6691,1
6692,1
6693,2
6694,2
6695,2
6696,2
6697,2
6698,1
6699,1
6700,1
6701,2
6702,2
6703,2
6704,3
6705,3
6706,1
6707,2
6708,2
6709,1
6710,2
6711,2
6712,2
6713,2
6714,2
6715,1
6716,2
6717,2
6718,2
6719,1
6720,1
6721,2
6722,3
6723,1
6724,2
6725,2
6726,2
6727,2
6728,2
6729,2
6730,2
6731,2
6732,1
6733,3
6734,1
6735,1
6736,2
6737,2
6738,2
6739,2
6740,2
6741,2
6742,2
6743,1
6744,1
6745,2
6746,2
6747,3
6748,2
6749,2
6750,2
6751,2
6752,3
6753,3
6754,2
6755,2
6756,2
6757,2
6758,2
6759,2
6760,1
6761,2
6762,2
6763,3
6764,3
6765,1
6766,1
6767,1
6768,1
6769,2
6770,1
6771,3
6772,3
6773,1
6774,3
6775,2
6776,2
6777,2
6778,2
6779,2
6780,2
6781,2
6782,2
6783,2
6784,2
6785,3
6786,2
6787,1
6788,2
6789,2
6790,1
6791,1
6792,2
6793,2
6794,3
6795,3
6796,2
6797,1
6798,2
6799,2
6800,3
6801,3
6802,3
6803,2
6804,2
6805,2
6806,1
6807,3
6808,1
6809,3
6810,1
6811,3
6812,2
6813,2
6814,2
6815,2
6816,2
6817,2
6818,1
6819,2
6820,2
6821,2
6822,2
6823,3
6824,3
6825,1
6826,1
6827,2
6828,3
6829,2
6830,1
6831,2
6832,1
6833,1
6834,3
6835,2
6836,2
6837,3
6838,2
6839,2
6840,2
6841,1
6842,2
6843,1
6844,2
6845,1
6846,2
6847,3
6848,3
6849,2
6850,3
6851,1
6852,1
6853,3
6854,2
6855,1
6856,3
6857,2
6858,2
6859,1
6860,2
6861,3
6862,3
6863,1
6864,1
6865,1
6866,2
6867,3
6868,2
6869,2
6870,3
6871,2
